source,market_id,dyad,question,url,end_date
polymarket,1633606,china-taiwan,"Will China invade Taiwan by September 30, 2026?",https://polymarket.com/event/will-china-invade-taiwan-by-september-30-2026,2026-10-01T03:59:00Z
polymarket,1633611,china-taiwan,"Will China invade Taiwan by December 31, 2027?",https://polymarket.com/event/will-china-invade-taiwan-by-december-31-2027,2028-01-01T04:59:00Z
polymarket,1811266,china-taiwan,"Will China invade Taiwan by June 30, 2027?",https://polymarket.com/event/will-china-invade-taiwan-by-june-30-2027,2027-07-01T03:59:00Z
polymarket,2382819,china-taiwan,Will China blockade Taiwan in 2026?,https://polymarket.com/event/will-china-blockade-taiwan-by-in-2026,2027-01-01T04:59:00Z
polymarket,4627196,china-taiwan,Trump endorses China's claim to Taiwan by end of summit?,https://polymarket.com/event/trump-endorses-chinas-claim-to-taiwan-by-end-of-xi-summit,
polymarket,567621,china-taiwan,Will China invade Taiwan by end of 2026?,https://polymarket.com/event/will-china-invade-taiwan-before-2027,2027-01-01T04:59:00Z
polymarket,677407,china-taiwan,China x Taiwan military clash before 2027?,https://polymarket.com/event/china-x-taiwan-military-clash-before-2027,2027-01-01T04:59:00Z
polymarket,677356,india-pakistan,"Will India strike Pakistan by December 31, 2026?",https://polymarket.com/event/india-strike-on-pakistan-by,2027-01-01T04:59:00Z
kalshi,KXABRAHAMSA-27-JAN01-IRAN,israel-iran,"Will Israel and Iran normalize relations before Jan 1, 2027? — Iran",https://kalshi.com/markets/kxabrahamsa,2027-01-01T15:00:00Z
polymarket,3399458,israel-iran,Israel x Iran ceasefire continues through September 30?,https://polymarket.com/event/israel-x-iran-ceasefire-continues-throughptptpt-20260716224448963,2026-09-30T20:29:00Z
polymarket,3399459,israel-iran,Israel x Iran ceasefire continues through October 31?,https://polymarket.com/event/israel-x-iran-ceasefire-continues-throughptptpt-20260716224448963,2026-10-31T20:29:00Z
polymarket,3399468,israel-iran,Israel x Iran ceasefire continues through December 31?,https://polymarket.com/event/israel-x-iran-ceasefire-continues-throughptptpt-20260716224448963,2026-12-31T20:29:00Z
polymarket,3902370,israel-iran,Israel x Iran ceasefire continues through November 30?,https://polymarket.com/event/israel-x-iran-ceasefire-continues-throughptptpt-20260716224448963,2026-11-30T20:29:00Z
polymarket,2871641,mali-junta,"Will Assimi Goïta be out as President of Mali by December 31, 2026?",https://polymarket.com/event/assimi-goita-out-as-president-of-mali-byptptpt-20260706205743291,2027-01-01T04:59:00Z
polymarket,2871642,mali-junta,"Will Assimi Goïta be out as President of Mali by June 30, 2027?",https://polymarket.com/event/assimi-goita-out-as-president-of-mali-byptptpt-20260706205743291,2027-07-01T03:59:00Z
polymarket,2243896,russia-ukraine,"Russia x Ukraine ceasefire agreement by October 31, 2026?",https://polymarket.com/event/russia-x-ukraine-ceasefire-agreement-by,2026-11-01T03:59:00Z
polymarket,2243897,russia-ukraine,"Russia x Ukraine ceasefire agreement by December 31, 2026?",https://polymarket.com/event/russia-x-ukraine-ceasefire-agreement-by,2027-01-01T04:59:00Z
polymarket,2264327,russia-ukraine,"Russia x Ukraine ceasefire by October 31, 2026?",https://polymarket.com/event/russia-x-ukraine-ceasefire-by,2026-10-31T21:59:00Z
polymarket,2264328,russia-ukraine,"Russia x Ukraine ceasefire by December 31, 2026?",https://polymarket.com/event/russia-x-ukraine-ceasefire-by,2026-12-31T21:59:00Z
polymarket,2591183,russia-ukraine,"Russia-Ukraine peace talks by September 30, 2026?",https://polymarket.com/event/russia-x-ukraine-peace-talks-byptptpt-20260609012540716,2026-10-01T03:59:00Z
polymarket,2591184,russia-ukraine,"Russia-Ukraine peace talks by December 31, 2026?",https://polymarket.com/event/russia-x-ukraine-peace-talks-byptptpt-20260609012540716,2027-01-01T04:59:00Z
polymarket,3701687,russia-ukraine,"Russia x Ukraine ceasefire agreement by March 31, 2027?",https://polymarket.com/event/russia-x-ukraine-ceasefire-agreement-by,2027-04-01T03:59:00Z
polymarket,3701688,russia-ukraine,"Russia x Ukraine ceasefire agreement by June 30, 2027?",https://polymarket.com/event/russia-x-ukraine-ceasefire-agreement-by,2027-07-01T03:59:00Z
polymarket,3733198,russia-ukraine,"Will Russia and Ukraine hold any diplomatic meeting by September 30, 2026?",https://polymarket.com/event/russia-x-ukraine-any-diplomatic-meeting-byptptpt-20260819,2026-10-01T03:59:00Z
polymarket,3733199,russia-ukraine,"Will Russia and Ukraine hold any diplomatic meeting by December 31, 2026?",https://polymarket.com/event/russia-x-ukraine-any-diplomatic-meeting-byptptpt-20260819,2027-01-01T04:59:00Z
polymarket,3741671,russia-ukraine,"Will Russia and Ukraine hold any diplomatic meeting by October 31, 2026?",https://polymarket.com/event/russia-x-ukraine-any-diplomatic-meeting-byptptpt-20260819,2026-11-01T03:59:00Z
polymarket,4118936,russia-ukraine,"Russia-Ukraine peace talks by October 15, 2026?",https://polymarket.com/event/russia-x-ukraine-peace-talks-byptptpt-20260609012540716,2026-10-15T23:59:00Z
polymarket,4118937,russia-ukraine,"Russia-Ukraine peace talks by October 31, 2026?",https://polymarket.com/event/russia-x-ukraine-peace-talks-byptptpt-20260609012540716,2026-10-31T23:59:00Z
polymarket,4118938,russia-ukraine,"Russia-Ukraine peace talks by November 30, 2026?",https://polymarket.com/event/russia-x-ukraine-peace-talks-byptptpt-20260609012540716,2026-11-30T23:59:00Z
polymarket,4338135,russia-ukraine,"Russia x Ukraine ceasefire agreement by April 30, 2027?",https://polymarket.com/event/russia-x-ukraine-ceasefire-agreement-by,2027-05-01T03:59:00Z
polymarket,4338136,russia-ukraine,"Russia x Ukraine ceasefire agreement by May 31, 2027?",https://polymarket.com/event/russia-x-ukraine-ceasefire-agreement-by,2027-06-01T03:59:00Z
polymarket,4338137,russia-ukraine,"Russia x Ukraine ceasefire agreement by October 31, 2027?",https://polymarket.com/event/russia-x-ukraine-ceasefire-agreement-by,2027-11-01T03:59:00Z
polymarket,4338138,russia-ukraine,"Russia x Ukraine ceasefire agreement by July 31, 2027?",https://polymarket.com/event/russia-x-ukraine-ceasefire-agreement-by,2027-08-01T03:59:00Z
polymarket,4338139,russia-ukraine,"Russia x Ukraine ceasefire agreement by September 30, 2027?",https://polymarket.com/event/russia-x-ukraine-ceasefire-agreement-by,2027-10-01T03:59:00Z
polymarket,4338140,russia-ukraine,"Russia x Ukraine ceasefire agreement by December 31, 2027?",https://polymarket.com/event/russia-x-ukraine-ceasefire-agreement-by,2028-01-01T04:59:00Z
polymarket,4338141,russia-ukraine,"Russia x Ukraine ceasefire agreement by August 31, 2027?",https://polymarket.com/event/russia-x-ukraine-ceasefire-agreement-by,2027-09-01T03:59:00Z
polymarket,4338142,russia-ukraine,"Russia x Ukraine ceasefire agreement by November 30, 2027?",https://polymarket.com/event/russia-x-ukraine-ceasefire-agreement-by,2027-12-01T04:59:00Z
polymarket,4338143,russia-ukraine,"Russia x Ukraine ceasefire agreement by January 31, 2027?",https://polymarket.com/event/russia-x-ukraine-ceasefire-agreement-by,2027-02-01T04:59:00Z
polymarket,4338144,russia-ukraine,"Russia x Ukraine ceasefire agreement by February 28, 2027?",https://polymarket.com/event/russia-x-ukraine-ceasefire-agreement-by,2027-03-01T04:59:00Z
polymarket,4338145,russia-ukraine,"Russia x Ukraine ceasefire agreement by November 30, 2026?",https://polymarket.com/event/russia-x-ukraine-ceasefire-agreement-by,2026-12-01T04:59:00Z
polymarket,5080436,russia-ukraine,"Will Russia and Ukraine hold any diplomatic meeting by October 15, 2026?",https://polymarket.com/event/russia-x-ukraine-any-diplomatic-meeting-byptptpt-20260819,2026-10-16T03:59:00Z
polymarket,5105094,russia-ukraine,"Will no qualifying Russia x Ukraine peace talks take place by December 31, 2027?",https://polymarket.com/event/where-will-the-next-russia-x-ukraine-peace-talks-take-place,2028-01-01T04:59:00Z
polymarket,5105095,russia-ukraine,"Will the next Russia x Ukraine peace talks take place in Turkey by December 31, 2027?",https://polymarket.com/event/where-will-the-next-russia-x-ukraine-peace-talks-take-place,2028-01-01T04:59:00Z
polymarket,5105096,russia-ukraine,"Will the next Russia x Ukraine peace talks take place in Switzerland by December 31, 2027?",https://polymarket.com/event/where-will-the-next-russia-x-ukraine-peace-talks-take-place,2028-01-01T04:59:00Z
polymarket,5105098,russia-ukraine,"Will the next Russia x Ukraine peace talks take place in Hungary by December 31, 2027?",https://polymarket.com/event/where-will-the-next-russia-x-ukraine-peace-talks-take-place,2028-01-01T04:59:00Z
polymarket,5105099,russia-ukraine,"Will the next Russia x Ukraine peace talks take place in the United States by December 31, 2027?",https://polymarket.com/event/where-will-the-next-russia-x-ukraine-peace-talks-take-place,2028-01-01T04:59:00Z
polymarket,5105101,russia-ukraine,"Will the next Russia x Ukraine peace talks take place in China by December 31, 2027?",https://polymarket.com/event/where-will-the-next-russia-x-ukraine-peace-talks-take-place,2028-01-01T04:59:00Z
polymarket,5105103,russia-ukraine,"Will the next Russia x Ukraine peace talks take place in Russia by December 31, 2027?",https://polymarket.com/event/where-will-the-next-russia-x-ukraine-peace-talks-take-place,2028-01-01T04:59:00Z
polymarket,5105105,russia-ukraine,"Will the next Russia x Ukraine peace talks take place in Ukraine by December 31, 2027?",https://polymarket.com/event/where-will-the-next-russia-x-ukraine-peace-talks-take-place,2028-01-01T04:59:00Z
polymarket,5105106,russia-ukraine,"Will the next Russia x Ukraine peace talks take place in Germany by December 31, 2027?",https://polymarket.com/event/where-will-the-next-russia-x-ukraine-peace-talks-take-place,2028-01-01T04:59:00Z
polymarket,5105108,russia-ukraine,"Will the next Russia x Ukraine peace talks take place in Saudi Arabia by December 31, 2027?",https://polymarket.com/event/where-will-the-next-russia-x-ukraine-peace-talks-take-place,2028-01-01T04:59:00Z
polymarket,5105110,russia-ukraine,"Will the next Russia x Ukraine peace talks take place in the UAE by December 31, 2027?",https://polymarket.com/event/where-will-the-next-russia-x-ukraine-peace-talks-take-place,2028-01-01T04:59:00Z
polymarket,5105111,russia-ukraine,"Will the next Russia x Ukraine peace talks take place in Qatar by December 31, 2027?",https://polymarket.com/event/where-will-the-next-russia-x-ukraine-peace-talks-take-place,2028-01-01T04:59:00Z
polymarket,5105113,russia-ukraine,"Will the next Russia x Ukraine peace talks take place in Vatican City by December 31, 2027?",https://polymarket.com/event/where-will-the-next-russia-x-ukraine-peace-talks-take-place,2028-01-01T04:59:00Z
polymarket,5105115,russia-ukraine,"Will the next Russia x Ukraine peace talks take place in Italy by December 31, 2027?",https://polymarket.com/event/where-will-the-next-russia-x-ukraine-peace-talks-take-place,2028-01-01T04:59:00Z
polymarket,5105117,russia-ukraine,"Will the next Russia x Ukraine peace talks take place in Austria by December 31, 2027?",https://polymarket.com/event/where-will-the-next-russia-x-ukraine-peace-talks-take-place,2028-01-01T04:59:00Z
polymarket,5105118,russia-ukraine,"Will the next Russia x Ukraine peace talks take place in Slovakia by December 31, 2027?",https://polymarket.com/event/where-will-the-next-russia-x-ukraine-peace-talks-take-place,2028-01-01T04:59:00Z
polymarket,5105120,russia-ukraine,"Will the next Russia x Ukraine peace talks take place in Finland by December 31, 2027?",https://polymarket.com/event/where-will-the-next-russia-x-ukraine-peace-talks-take-place,2028-01-01T04:59:00Z
polymarket,5105121,russia-ukraine,"Will the next Russia x Ukraine peace talks take place in Belarus by December 31, 2027?",https://polymarket.com/event/where-will-the-next-russia-x-ukraine-peace-talks-take-place,2028-01-01T04:59:00Z
polymarket,5105123,russia-ukraine,"Will the next Russia x Ukraine peace talks take place in Kazakhstan by December 31, 2027?",https://polymarket.com/event/where-will-the-next-russia-x-ukraine-peace-talks-take-place,2028-01-01T04:59:00Z
polymarket,5105125,russia-ukraine,"Will the next Russia x Ukraine peace talks take place in India by December 31, 2027?",https://polymarket.com/event/where-will-the-next-russia-x-ukraine-peace-talks-take-place,2028-01-01T04:59:00Z
polymarket,5105127,russia-ukraine,"Will the next Russia x Ukraine peace talks take place in Poland by December 31, 2027?",https://polymarket.com/event/where-will-the-next-russia-x-ukraine-peace-talks-take-place,2028-01-01T04:59:00Z
polymarket,5105128,russia-ukraine,"Will the next Russia x Ukraine peace talks take place in Serbia by December 31, 2027?",https://polymarket.com/event/where-will-the-next-russia-x-ukraine-peace-talks-take-place,2028-01-01T04:59:00Z
polymarket,5105130,russia-ukraine,"Will the next Russia x Ukraine peace talks take place in Azerbaijan by December 31, 2027?",https://polymarket.com/event/where-will-the-next-russia-x-ukraine-peace-talks-take-place,2028-01-01T04:59:00Z
polymarket,5105132,russia-ukraine,"Will the next Russia x Ukraine peace talks take place in Egypt by December 31, 2027?",https://polymarket.com/event/where-will-the-next-russia-x-ukraine-peace-talks-take-place,2028-01-01T04:59:00Z
polymarket,5105133,russia-ukraine,"Will the next Russia x Ukraine peace talks take place in Brazil by December 31, 2027?",https://polymarket.com/event/where-will-the-next-russia-x-ukraine-peace-talks-take-place,2028-01-01T04:59:00Z
polymarket,5105135,russia-ukraine,"Will the next Russia x Ukraine peace talks take place in South Africa by December 31, 2027?",https://polymarket.com/event/where-will-the-next-russia-x-ukraine-peace-talks-take-place,2028-01-01T04:59:00Z
polymarket,5105136,russia-ukraine,"Will the next Russia x Ukraine peace talks take place in another European country by December 31, 2027?",https://polymarket.com/event/where-will-the-next-russia-x-ukraine-peace-talks-take-place,2028-01-01T04:59:00Z
polymarket,5105138,russia-ukraine,"Will the next Russia x Ukraine peace talks take place in another Middle East/North Africa country by December 31, 2027?",https://polymarket.com/event/where-will-the-next-russia-x-ukraine-peace-talks-take-place,2028-01-01T04:59:00Z
polymarket,5105139,russia-ukraine,"Will the next Russia x Ukraine peace talks take place in another country by December 31, 2027?",https://polymarket.com/event/where-will-the-next-russia-x-ukraine-peace-talks-take-place,2028-01-01T04:59:00Z
polymarket,694027,russia-ukraine,Russia x Ukraine Peace Combo,https://polymarket.com/event/russia-x-ukraine-peace-parlay,2027-01-01T04:59:00Z
polymarket,994859,sudan-war,"Sudan civil war ceasefire by December 31, 2026?",https://polymarket.com/event/sudan-civil-war-ceasefire-by,2026-01-01T04:59:00Z
