fetched_at,source,market_id,prob,volume
2026-09-26T07:57:36+00:00,polymarket,3399458,0.9585,2841455
2026-09-26T07:57:36+00:00,polymarket,3399459,0.835,893585
2026-09-26T07:57:36+00:00,polymarket,3399468,0.645,751265
2026-09-26T07:57:36+00:00,polymarket,3902370,0.69,452436
2026-09-26T07:57:36+00:00,polymarket,1633606,0.0015,2326203
2026-09-26T07:57:36+00:00,polymarket,567621,0.0355,42850609
2026-09-26T07:57:36+00:00,polymarket,677407,0.056,3433571
2026-09-26T07:57:36+00:00,polymarket,1811266,0.075,455555
2026-09-26T07:57:36+00:00,polymarket,1633611,0.115,3242942
2026-09-26T07:57:36+00:00,polymarket,2382819,0.034,370984
2026-09-26T07:57:36+00:00,polymarket,4627196,0.0005,37462
2026-09-26T07:57:36+00:00,polymarket,2591183,0.034,400072
2026-09-26T07:57:36+00:00,polymarket,2591184,0.685,306396
2026-09-26T07:57:36+00:00,polymarket,4118936,0.265,45449
2026-09-26T07:57:36+00:00,polymarket,4118937,0.47,101788
2026-09-26T07:57:36+00:00,polymarket,4118938,0.605,30503
2026-09-26T07:57:36+00:00,polymarket,2243896,0.065,1730617
2026-09-26T07:57:36+00:00,polymarket,2243897,0.225,2682814
2026-09-26T07:57:36+00:00,polymarket,3701687,0.385,166059
2026-09-26T07:57:36+00:00,polymarket,3701688,0.525,157406
2026-09-26T07:57:36+00:00,polymarket,4338135,0.435,1866
2026-09-26T07:57:36+00:00,polymarket,4338136,0.505,5052
2026-09-26T07:57:36+00:00,polymarket,4338138,0.575,1643
2026-09-26T07:57:36+00:00,polymarket,4338139,0.655,976
2026-09-26T07:57:36+00:00,polymarket,4338141,0.61,818
2026-09-26T07:57:36+00:00,polymarket,4338137,0.66,68138
2026-09-26T07:57:36+00:00,polymarket,4338140,0.705,27294
2026-09-26T07:57:36+00:00,polymarket,4338142,0.705,3018
2026-09-26T07:57:36+00:00,polymarket,4338143,0.285,37990
2026-09-26T07:57:36+00:00,polymarket,4338144,0.315,7095
2026-09-26T07:57:36+00:00,polymarket,4338145,0.135,14960
2026-09-26T07:57:36+00:00,polymarket,3733198,0.085,126814
2026-09-26T07:57:36+00:00,polymarket,3733199,0.9,17738
2026-09-26T07:57:36+00:00,polymarket,3741671,0.665,33632
2026-09-26T07:57:36+00:00,polymarket,2264327,0.045,723926
2026-09-26T07:57:36+00:00,polymarket,2264328,0.135,961309
2026-09-26T07:57:36+00:00,polymarket,677356,0.115,330422
2026-09-26T08:00:05+00:00,polymarket,3399458,0.9585,2841455
2026-09-26T08:00:05+00:00,polymarket,3399459,0.835,893585
2026-09-26T08:00:05+00:00,polymarket,3399468,0.645,751265
2026-09-26T08:00:05+00:00,polymarket,3902370,0.69,452436
2026-09-26T08:00:05+00:00,kalshi,KXABRAHAMSA-27-JAN01-IRAN,0.08,808
2026-09-26T08:00:05+00:00,polymarket,1633606,0.0015,2326203
2026-09-26T08:00:05+00:00,polymarket,567621,0.0355,42850609
2026-09-26T08:00:05+00:00,polymarket,677407,0.056,3433571
2026-09-26T08:00:05+00:00,polymarket,1811266,0.075,455555
2026-09-26T08:00:05+00:00,polymarket,1633611,0.115,3242942
2026-09-26T08:00:05+00:00,polymarket,2382819,0.034,370984
2026-09-26T08:00:05+00:00,polymarket,4627196,0.0005,37462
2026-09-26T08:00:05+00:00,polymarket,2591183,0.034,400072
2026-09-26T08:00:05+00:00,polymarket,2591184,0.685,306396
2026-09-26T08:00:05+00:00,polymarket,4118936,0.265,45449
2026-09-26T08:00:05+00:00,polymarket,4118937,0.47,101788
2026-09-26T08:00:05+00:00,polymarket,4118938,0.605,30503
2026-09-26T08:00:05+00:00,polymarket,2243896,0.065,1730617
2026-09-26T08:00:05+00:00,polymarket,2243897,0.225,2682814
2026-09-26T08:00:05+00:00,polymarket,3701687,0.385,166059
2026-09-26T08:00:05+00:00,polymarket,3701688,0.525,157406
2026-09-26T08:00:05+00:00,polymarket,4338135,0.435,1866
2026-09-26T08:00:05+00:00,polymarket,4338136,0.505,5052
2026-09-26T08:00:05+00:00,polymarket,4338138,0.575,1643
2026-09-26T08:00:05+00:00,polymarket,4338139,0.655,976
2026-09-26T08:00:05+00:00,polymarket,4338141,0.61,818
2026-09-26T08:00:05+00:00,polymarket,4338137,0.66,68138
2026-09-26T08:00:05+00:00,polymarket,4338140,0.705,27294
2026-09-26T08:00:05+00:00,polymarket,4338142,0.705,3018
2026-09-26T08:00:05+00:00,polymarket,4338143,0.285,37990
2026-09-26T08:00:05+00:00,polymarket,4338144,0.315,7095
2026-09-26T08:00:05+00:00,polymarket,4338145,0.135,14960
2026-09-26T08:00:05+00:00,polymarket,3733198,0.085,126814
2026-09-26T08:00:05+00:00,polymarket,3733199,0.9,17738
2026-09-26T08:00:05+00:00,polymarket,3741671,0.665,33632
2026-09-26T08:00:05+00:00,polymarket,2264327,0.045,723926
2026-09-26T08:00:05+00:00,polymarket,2264328,0.135,961309
2026-09-26T08:00:05+00:00,polymarket,677356,0.115,330422
2026-09-26T10:15:39+00:00,polymarket,3399458,0.9585,2843087
2026-09-26T10:15:39+00:00,polymarket,3399459,0.835,893898
2026-09-26T10:15:39+00:00,polymarket,3399468,0.645,751270
2026-09-26T10:15:39+00:00,polymarket,3902370,0.69,452458
2026-09-26T10:15:39+00:00,polymarket,1633606,0.0015,2326815
2026-09-26T10:15:39+00:00,polymarket,567621,0.0355,42850981
2026-09-26T10:15:39+00:00,polymarket,677407,0.056,3433571
2026-09-26T10:15:39+00:00,polymarket,1633611,0.115,3243245
2026-09-26T10:15:39+00:00,polymarket,1811266,0.075,455555
2026-09-26T10:15:39+00:00,polymarket,2382819,0.034,370984
2026-09-26T10:15:39+00:00,polymarket,2591183,0.028,400492
2026-09-26T10:15:39+00:00,polymarket,2591184,0.685,306396
2026-09-26T10:15:39+00:00,polymarket,4118936,0.27,45502
2026-09-26T10:15:39+00:00,polymarket,4118937,0.465,101920
2026-09-26T10:15:39+00:00,polymarket,4118938,0.605,30503
2026-09-26T10:15:39+00:00,polymarket,2243896,0.065,1730650
2026-09-26T10:15:39+00:00,polymarket,2243897,0.225,2682814
2026-09-26T10:15:39+00:00,polymarket,3701687,0.385,166059
2026-09-26T10:15:39+00:00,polymarket,3701688,0.525,157524
2026-09-26T10:15:39+00:00,polymarket,4338135,0.435,1866
2026-09-26T10:15:39+00:00,polymarket,4338136,0.505,5052
2026-09-26T10:15:39+00:00,polymarket,4338138,0.575,1643
2026-09-26T10:15:39+00:00,polymarket,4338139,0.655,976
2026-09-26T10:15:39+00:00,polymarket,4338141,0.61,818
2026-09-26T10:15:39+00:00,polymarket,4338137,0.66,68138
2026-09-26T10:15:39+00:00,polymarket,4338140,0.71,27308
2026-09-26T10:15:39+00:00,polymarket,4338142,0.705,3018
2026-09-26T10:15:39+00:00,polymarket,4338143,0.285,37990
2026-09-26T10:15:39+00:00,polymarket,4338144,0.315,7095
2026-09-26T10:15:39+00:00,polymarket,4338145,0.135,14960
2026-09-26T10:15:39+00:00,polymarket,3733198,0.115,127080
2026-09-26T10:15:39+00:00,polymarket,3733199,0.9,17738
2026-09-26T10:15:39+00:00,polymarket,3741671,0.665,33650
2026-09-26T10:15:39+00:00,polymarket,2264327,0.045,725926
2026-09-26T10:15:39+00:00,polymarket,2264328,0.135,961309
2026-09-26T10:15:39+00:00,polymarket,677356,0.115,330422
2026-09-26T10:17:01+00:00,polymarket,3399458,0.9585,2843087
2026-09-26T10:17:01+00:00,polymarket,3399459,0.835,893898
2026-09-26T10:17:01+00:00,polymarket,3399468,0.645,751270
2026-09-26T10:17:01+00:00,polymarket,3902370,0.69,452458
2026-09-26T10:17:01+00:00,kalshi,KXABRAHAMSA-27-JAN01-IRAN,0.08,808
2026-09-26T10:17:01+00:00,polymarket,1633606,0.0015,2326815
2026-09-26T10:17:01+00:00,polymarket,567621,0.0355,42850981
2026-09-26T10:17:01+00:00,polymarket,677407,0.056,3433571
2026-09-26T10:17:01+00:00,polymarket,1633611,0.115,3243245
2026-09-26T10:17:01+00:00,polymarket,1811266,0.075,455555
2026-09-26T10:17:01+00:00,polymarket,2382819,0.034,370984
2026-09-26T10:17:01+00:00,polymarket,2591183,0.028,400492
2026-09-26T10:17:01+00:00,polymarket,2591184,0.685,306396
2026-09-26T10:17:01+00:00,polymarket,4118936,0.27,45502
2026-09-26T10:17:01+00:00,polymarket,4118937,0.465,101920
2026-09-26T10:17:01+00:00,polymarket,4118938,0.605,30503
2026-09-26T10:17:01+00:00,polymarket,2243896,0.065,1730650
2026-09-26T10:17:01+00:00,polymarket,2243897,0.225,2682814
2026-09-26T10:17:01+00:00,polymarket,3701687,0.385,166059
2026-09-26T10:17:01+00:00,polymarket,3701688,0.525,157524
2026-09-26T10:17:01+00:00,polymarket,4338135,0.435,1866
2026-09-26T10:17:01+00:00,polymarket,4338136,0.505,5052
2026-09-26T10:17:01+00:00,polymarket,4338138,0.575,1643
2026-09-26T10:17:01+00:00,polymarket,4338139,0.655,976
2026-09-26T10:17:01+00:00,polymarket,4338141,0.61,818
2026-09-26T10:17:01+00:00,polymarket,4338137,0.66,68138
2026-09-26T10:17:01+00:00,polymarket,4338140,0.71,27308
2026-09-26T10:17:01+00:00,polymarket,4338142,0.705,3018
2026-09-26T10:17:01+00:00,polymarket,4338143,0.285,37990
2026-09-26T10:17:01+00:00,polymarket,4338144,0.315,7095
2026-09-26T10:17:01+00:00,polymarket,4338145,0.135,14960
2026-09-26T10:17:01+00:00,polymarket,3733198,0.115,127080
2026-09-26T10:17:01+00:00,polymarket,3733199,0.9,17738
2026-09-26T10:17:01+00:00,polymarket,3741671,0.665,33650
2026-09-26T10:17:01+00:00,polymarket,2264327,0.045,725926
2026-09-26T10:17:01+00:00,polymarket,2264328,0.135,961309
2026-09-26T10:17:01+00:00,polymarket,677356,0.115,330422
